<?xml version="1.0" encoding="UTF-8"?>
<!DOCTYPE mapper PUBLIC "-//mybatis.org//DTD Mapper 3.0//EN" "http://mybatis.org/dtd/mybatis-3-mapper.dtd">

<mapper namespace="com.ss.board.mapper.BoardMapper">
    <select id="selectAll" parameterType="map" resultType="Board">
        SELECT * FROM BOARD
        ORDER BY CREATE_DATE DESC
        LIMIT #{listLimit}
        OFFSET #{firstRow}
    </select>

    <select id="selectListCount" resultType="int">
        SELECT COUNT(*) FROM BOARD
    </select>

    <select id="searchBoards" parameterType="map" resultType="Board">
        SELECT * FROM BOARD
        <where>
            <if test="searchType == 'title'">
                AND TITLE LIKE CONCAT('%', #{searchValue},'%')
            </if>
            <if test="searchType == 'content'">
                AND CONTENT LIKE CONCAT('%', #{searchValue},'%')
            </if>
            <if test="searchType == 'titleContent'">
                AND (title LIKE CONCAT('%', #{searchValue}, '%') OR content LIKE CONCAT('%', #{searchValue}, '%'))
            </if>
        </where>
    </select>

    <select id="searchBoardCount" resultType="int">
        SELECT COUNT(*) FROM BOARD
        <where>
            <if test="searchType == 'title'">
                AND TITLE LIKE CONCAT('%', #{searchValue},'%')
            </if>
            <if test="searchType == 'content'">
                AND CONTENT LIKE CONCAT('%', #{searchValue},'%')
            </if>
            <if test="searchType == 'titleContent'">
                AND (title LIKE CONCAT('%', #{searchValue}, '%') OR content LIKE CONCAT('%', #{searchValue}, '%'))
            </if>
        </where>
    </select>

    <select id="searchBoardList" parameterType="map" resultType="Board">
        SELECT * FROM BOARD
        <where>
            <if test="searchType == 'title'">
                AND TITLE LIKE CONCAT('%', #{searchValue}, '%')
            </if>
            <if test="searchType == 'content'">
                AND CONTENT LIKE CONCAT('%', #{searchValue}, '%')
            </if>
            <if test="searchType == 'titleContent'">
                AND (TITLE LIKE CONCAT('%', #{searchValue}, '%') OR CONTENT LIKE CONCAT('%', #{searchValue}, '%'))
            </if>
        </where>
        ORDER BY CREATE_DATE DESC
        LIMIT #{listLimit}
        OFFSET #{firstRow}
    </select>

</mapper>